WPG, C, Mason, Appleton, 8478891, USA
WPG, C, Morgan, Barron, 8480289, CAN
WPG, L, Kyle, Connor, 8478398, USA
WPG, L, Nikolaj, Ehlers, 8477940, DNK
WPG, C, David, Gustafsson, 8481019, SWE
WPG, L, Alex, Iafallo, 8480113, USA
WPG, C, Rasmus, Kupari, 8480845, FIN
WPG, C, Adam, Lowry, 8476392, USA
WPG, C, Vladislav, Namestnikov, 8476480, RUS
WPG, R, Nino, Niederreiter, 8475799, CHE
WPG, C, Cole, Perfetti, 8482149, CAN
WPG, C, Mark, Scheifele, 8476460, CAN
WPG, L, Brandon, Tanev, 8479293, CAN
WPG, C, Gabriel, Vilardi, 8480014, CAN
WPG, D, Dylan, DeMelo, 8476331, CAN
WPG, D, Haydn, Fleury, 8477938, CAN
WPG, D, Ville, Heinola, 8481572, FIN
WPG, D, Colin, Miller, 8476525, CAN
WPG, D, Josh, Morrissey, 8477504, CAN
WPG, D, Neal, Pionk, 8480145, USA
WPG, D, Dylan, Samberg, 8480049, USA
WPG, D, Luke, Schenn, 8474568, CAN
WPG, D, Logan, Stanley, 8479378, CAN
WPG, G, Eric, Comrie, 8477480, CAN
WPG, G, Connor, Hellebuyck, 8476945, USA
WSH, C, Nicklas, Backstrom, 8473563, SWE
WSH, L, Anthony, Beauvillier, 8478463, CAN
WSH, C, Nic, Dowd, 8475343, USA
WSH, L, Pierre-Luc, Dubois, 8479400, CAN
WSH, R, Brandon, Duhaime, 8479520, USA
WSH, C, Lars, Eller, 8474189, DNK
WSH, C, Ethen, Frank, 8483573, USA
WSH, L, Andrew, Mangiapane, 8478233, CAN
WSH, C, Connor, McMichael, 8481580, CAN
WSH, L, Sonny, Milano, 8477947, USA
WSH, R, T.J., Oshie, 8471698, USA
WSH, L, Alex, Ovechkin, 8471214, RUS
WSH, C, Aliaksei, Protas, 8481656, BLR
WSH, R, Taylor, Raddysh, 8479390, CAN
WSH, C, Dylan, Strome, 8478440, CAN
WSH, R, Tom, Wilson, 8476880, CAN
WSH, D, Alexander, Alexeyev, 8480823, RUS
WSH, D, John, Carlson, 8474590, USA
WSH, D, Jakob, Chychrun, 8479345, USA
WSH, D, Martin, Fehérváry, 8480796, SVK
WSH, D, Dylan, McIlrath, 8475795, CAN
WSH, D, Matt, Roy, 8478911, USA
WSH, D, Rasmus, Sandin, 8480873, SWE
WSH, D, Trevor, van Riemsdyk, 8477845, USA
WSH, G, Charlie, Lindgren, 8479292, USA
WSH, G, Logan, Thompson, 8480313, CAN
DAL, L, Jamie, Benn, 8473994, CAN
DAL, C, Colin, Blackwell, 8476278, USA
DAL, C, Mavrik, Bourque, 8482145, CAN
DAL, C, Oskar, Bäck, 8480840, SWE
DAL, R, Evgenii, Dadonov, 8474149, RUS
DAL, C, Matt, Duchene, 8475168, CAN
DAL, C, Mikael, Granlund, 8475798, FIN
DAL, C, Roope, Hintz, 8478449, FIN
DAL, C, Wyatt, Johnston, 8482740, CAN
DAL, L, Mason, Marchment, 8478975, CAN
DAL, R, Mikko, Rantanen, 8478420, FIN
DAL, L, Jason, Robertson, 8480027, USA
DAL, C, Tyler, Seguin, 8475794, CAN
DAL, C, Sam, Steel, 8479351, CAN
DAL, D, Lian, Bichsel, 8483425, CHE
DAL, D, Cody, Ceci, 8476879, CAN
DAL, D, Mathew, Dumba, 8476856, CAN
DAL, D, Thomas, Harley, 8481581, USA
DAL, D, Miro, Heiskanen, 8480036, FIN
DAL, D, Esa, Lindell, 8476902, FIN
DAL, D, Nils, Lundkvist, 8480878, SWE
DAL, D, Ilya, Lyubushkin, 8480950, RUS
DAL, D, Brendan, Smith, 8474090, CAN
DAL, G, Casey, DeSmith, 8479193, USA
DAL, G, Jake, Oettinger, 8479979, USA
VGK, C, Ivan, Barbashev, 8477964, RUS
VGK, L, Pavel, Dorofeyev, 8481604, RUS
VGK, C, Jack, Eichel, 8478403, USA
VGK, C, Tomas, Hertl, 8476881, CZE
VGK, C, Brett, Howden, 8479353, CAN
VGK, C, William, Karlsson, 8476448, SWE
VGK, R, Keegan, Kolesar, 8478434, CAN
VGK, R, Victor, Olofsson, 8478109, SWE
VGK, L, Tanner, Pearson, 8476871, CAN
VGK, C, Nicolas, Roy, 8478462, CAN
VGK, L, Brandon, Saad, 8476438, USA
VGK, R, Cole, Schwindt, 8481655, CAN
VGK, R, Reilly, Smith, 8475191, CAN
VGK, R, Mark, Stone, 8475913, CAN
VGK, D, Nicolas, Hague, 8479980, CAN
VGK, D, Noah, Hanifin, 8478396, USA
VGK, D, Ben, Hutton, 8477018, CAN
VGK, D, Kaedan, Korczak, 8481527, CAN
VGK, D, Brayden, McNabb, 8475188, CAN
VGK, D, Alex, Pietrangelo, 8474565, CAN
VGK, D, Shea, Theodore, 8477447, CAN
VGK, D, Zach, Whitecloud, 8480727, CAN
VGK, G, Adin, Hill, 8478499, CAN
VGK, G, Ilya, Samsonov, 8478492, RUS
COL, C, Ross, Colton, 8479525, USA
COL, C, Charlie, Coyle, 8475745, USA
COL, L, Jonathan, Drouin, 8477494, CAN
COL, C, Jack, Drury, 8480835, USA
COL, C, Parker, Kelly, 8480448, CAN
COL, L, Joel, Kiviranta, 8481641, FIN
COL, L, Artturi, Lehkonen, 8477476, FIN
COL, C, Nathan, MacKinnon, 8477492, CAN
COL, C, Martin, Necas, 8480039, CZE
COL, C, Brock, Nelson, 8475754, USA
COL, R, Valeri, Nichushkin, 8477501, RUS
COL, R, Logan, O'Connor, 8481186, USA
COL, L, Jimmy, Vesey, 8476918, USA
COL, L, Miles, Wood, 8477425, USA
COL, D, Samuel, Girard, 8479398, CAN
COL, D, Erik, Johnson, 8473446, USA
COL, D, Ryan, Lindgren, 8479324, USA
COL, D, Cale, Makar, 8480069, CAN
COL, D, Sam, Malinski, 8484258, USA
COL, D, Josh, Manson, 8476312, USA
COL, D, Keaton, Middleton, 8479387, CAN
COL, D, Devon, Toews, 8478038, CAN
COL, G, Mackenzie, Blackwood, 8478406, CAN
COL, G, Scott, Wedgewood, 8475809, CAN
CAR, C, Sebastian, Aho, 8478427, FIN
CAR, R, Jackson, Blake, 8482809, USA
CAR, L, William, Carrier, 8477478, CAN
CAR, L, Taylor, Hall, 8475791, CAN
CAR, C, Mark, Jankowski, 8476873, CAN
CAR, C, Seth, Jarvis, 8482093, CAN
CAR, C, Tyson, Jost, 8479370, CAN
CAR, C, Jesperi, Kotkaniemi, 8480829, FIN
CAR, L, Jordan, Martinook, 8476921, CAN
CAR, L, Eric, Robinson, 8480762, USA
CAR, C, Jack, Roslovic, 8478458, USA
CAR, C, Jordan, Staal, 8473533, CAN
CAR, C, Logan, Stankoven, 8482702, CAN
CAR, R, Andrei, Svechnikov, 8480830, RUS
CAR, D, Brent, Burns, 8470613, CAN
CAR, D, Jalen, Chatfield, 8478970, USA
CAR, D, Shayne, Gostisbehere, 8476906, USA
CAR, D, Scott, Morrow, 8482666, USA
CAR, D, Dmitry, Orlov, 8475200, RUS
CAR, D, Jaccob, Slavin, 8476958, USA
CAR, D, Riley, Stillman, 8479388, CAN
CAR, D, Sean, Walker, 8480336, CAN
CAR, G, Frederik, Andersen, 8475883, DNK
CAR, G, Pyotr, Kochetkov, 8481611, RUS
TOR, C, Max, Domi, 8477503, CAN
TOR, R, Pontus, Holmberg, 8480995, SWE
TOR, C, Calle, Jarnkrok, 8475714, SWE
TOR, C, David, Kampf, 8480144, CZE
TOR, L, Matthew, Knies, 8482720, USA
TOR, L, Scott, Laughton, 8476872, CAN
TOR, C, Steven, Lorentz, 8478904, CAN
TOR, R, Mitch, Marner, 8478483, CAN
TOR, C, Auston, Matthews, 8479318, USA
TOR, C, Bobby, McMann, 8482259, CAN
TOR, R, William, Nylander, 8477939, CAN
TOR, L, Max, Pacioretty, 8474157, USA
TOR, L, Nicholas, Robertson, 8481582, USA
TOR, C, John, Tavares, 8475166, CAN
TOR, D, Simon, Benoit, 8481122, CAN
TOR, D, Brandon, Carlo, 8478443, USA
TOR, D, Oliver, Ekman-Larsson, 8475171, SWE
TOR, D, Jani, Hakanpää, 8475825, FIN
TOR, D, Jake, McCabe, 8476931, USA
TOR, D, Philippe, Myers, 8479026, CAN
TOR, D, Morgan, Rielly, 8476853, CAN
TOR, D, Chris, Tanev, 8475690, CAN
TOR, G, Anthony, Stolarz, 8476932, USA
TOR, G, Joseph, Woll, 8479361, USA
FLA, C, Aleksander, Barkov, 8477493, FIN
FLA, C, Sam, Bennett, 8477935, CAN
FLA, C, Jesper, Boqvist, 8480003, SWE
FLA, L, Jonah, Gadjovich, 8479981, CAN
FLA, L, A.J., Greer, 8478421, CAN
FLA, C, Anton, Lundell, 8482113, FIN
FLA, C, Eetu, Luostarinen, 8480185, FIN
FLA, C, Brad, Marchand, 8473419, CAN
FLA, L, Tomas, Nosek, 8477931, CZE
FLA, C, Sam, Reinhart, 8477933, CAN
FLA, C, Evan, Rodrigues, 8478542, CAN
FLA, R, Mackie, Samoskevich, 8482713, USA
FLA, C, Nico, Sturm, 8481477, DEU
FLA, L, Matthew, Tkachuk, 8479314, USA
FLA, C, Carter, Verhaeghe, 8477409, CAN
FLA, D, Uvis, Balinskis, 8484304, LVA
FLA, D, Gustav, Forsling, 8478055, SWE
FLA, D, Seth, Jones, 8477495, USA
FLA, D, Dmitry, Kulikov, 8475179, RUS
FLA, D, Niko, Mikkola, 8478859, FIN
FLA, D, Nate, Schmidt, 8477220, USA
FLA, G, Sergei, Bobrovsky, 8475683, RUS
FLA, G, Vitek, Vanecek, 8477970, CZE
TBL, R, Cam, Atkinson, 8474715, USA
TBL, R, Oliver, Bjorkstrand, 8477416, DNK
TBL, R, Mitchell, Chaffee, 8482070, USA
TBL, C, Anthony, Cirelli, 8478519, CAN
TBL, C, Zemgus, Girgensons, 8476878, LVA
TBL, C, Luke, Glendening, 8476822, USA
TBL, C, Gage, Goncalves, 8482201, CAN
TBL, C, Yanni, Gourde, 8476826, CAN
TBL, C, Jake, Guentzel, 8477404, USA
TBL, L, Brandon, Hagel, 8479542, CAN
TBL, R, Nikita, Kucherov, 8476453, RUS
TBL, L, Nick, Paul, 8477426, CAN
TBL, C, Brayden, Point, 8478010, CAN
TBL, D, Erik, Cernak, 8478416, SVK
TBL, D, Victor, Hedman, 8475167, SWE
TBL, D, Emil, Lilleberg, 8482929, NOR
TBL, D, Ryan, McDonagh, 8474151, USA
TBL, D, J.J., Moser, 8482655, CHE
TBL, D, Nick, Perbix, 8480246, USA
TBL, D, Darren, Raddysh, 8478178, CAN
TBL, G, Jonas, Johansson, 8477992, SWE
TBL, G, Andrei, Vasilevskiy, 8476883, RUS
LAK, R, Quinton, Byfield, 8482124, CAN
LAK, C, Phillip, Danault, 8476479, CAN
LAK, L, Kevin, Fiala, 8477942, CHE
LAK, L, Warren, Foegele, 8477998, CAN
LAK, C, Samuel, Helenius, 8482726, USA
LAK, L, Tanner, Jeannot, 8479661, CAN
LAK, R, Adrian, Kempe, 8477960, SWE
LAK, C, Anze, Kopitar, 8471685, SVN
LAK, L, Andrei, Kuzmenko, 8483808, RUS
LAK, R, Alex, Laferriere, 8482155, USA
LAK, C, Trevor, Lewis, 8473453, USA
LAK, L, Jeff, Malott, 8482408, CAN
LAK, L, Trevor, Moore, 8479675, USA
LAK, C, Akil, Thomas, 8480851, CAN
LAK, C, Alex, Turcotte, 8481532, USA
LAK, D, Mikey, Anderson, 8479998, USA
LAK, D, Kyle, Burroughs, 8477335, CAN
LAK, D, Brandt, Clarke, 8482730, CAN
LAK, D, Drew, Doughty, 8474563, CAN
LAK, D, Joel, Edmundson, 8476441, CAN
LAK, D, Vladislav, Gavrikov, 8478882, RUS
LAK, D, Jacob, Moverare, 8479421, SWE
LAK, D, Jordan, Spence, 8481606, AUS
LAK, G, Darcy, Kuemper, 8475311, CAN
LAK, G, David, Rittich, 8479496, CZE
EDM, L, Viktor, Arvidsson, 8478042, SWE
EDM, R, Connor, Brown, 8477015, CAN
EDM, C, Leon, Draisaitl, 8477934, DEU
EDM, C, Trent, Frederic, 8479365, USA
EDM, C, Adam, Henrique, 8474641, CAN
EDM, L, Zach, Hyman, 8475786, CAN
EDM, C, Mattias, Janmark, 8477406, SWE
EDM, L, Max, Jones, 8479368, USA
EDM, R, Kasperi, Kapanen, 8477953, FIN
EDM, C, Connor, McDavid, 8478402, CAN
EDM, C, Ryan, Nugent-Hopkins, 8476454, CAN
EDM, R, Corey, Perry, 8470621, CAN
EDM, R, Vasily, Podkolzin, 8481617, RUS
EDM, C, Jeff, Skinner, 8475784, CAN
EDM, D, Evan, Bouchard, 8480803, CAN
EDM, D, Mattias, Ekholm, 8475218, SWE
EDM, D, Ty, Emberson, 8480834, USA
EDM, D, John, Klingberg, 8475906, SWE
EDM, D, Brett, Kulak, 8476967, CAN
EDM, D, Darnell, Nurse, 8477498, CAN
EDM, D, Troy, Stecher, 8479442, CAN
EDM, D, Jake, Walman, 8478013, CAN
EDM, G, Calvin, Pickard, 8475717, CAN
EDM, G, Olivier, Rodrigue, 8480885, CAN
EDM, G, Stuart, Skinner, 8479973, CAN
MIN, L, Matt, Boldy, 8481557, USA
MIN, R, Justin, Brazeau, 8479638, CAN
MIN, C, Joel, Eriksson Ek, 8478493, SWE
MIN, L, Marcus, Foligno, 8475220, USA
MIN, C, Frederick, Gaudreau, 8477919, CAN
MIN, C, Brendan, Gaunce, 8476867, CAN
MIN, R, Ryan, Hartman, 8477451, USA
MIN, C, Vinnie, Hinostroza, 8476994, USA
MIN, L, Marcus, Johansson, 8475149, SWE
MIN, L, Kirill, Kaprizov, 8478864, RUS
MIN, C, Gustav, Nyquist, 8474679, SWE
MIN, C, Marco, Rossi, 8482079, AUT
MIN, C, Devin, Shore, 8476913, CAN
MIN, C, Yakov, Trenin, 8478508, RUS
MIN, R, Mats, Zuccarello, 8475692, NOR
MIN, D, Zach, Bogosian, 8474567, USA
MIN, D, Jonas, Brodin, 8476463, SWE
MIN, D, Declan, Chisholm, 8480990, CAN
MIN, D, Brock, Faber, 8482122, USA
MIN, D, Jon, Merrill, 8475750, USA
MIN, D, Jake, Middleton, 8478136, CAN
MIN, D, Jared, Spurgeon, 8474716, CAN
MIN, G, Marc-Andre, Fleury, 8470594, CAN
MIN, G, Filip, Gustavsson, 8479406, SWE
STL, C, Zack, Bolduc, 8482737, CAN
STL, L, Pavel, Buchnevich, 8477402, RUS
STL, C, Dalibor, Dvorsky, 8484164, SVK
STL, C, Radek, Faksa, 8476889, CZE
STL, C, Dylan, Holloway, 8482077, CAN
STL, R, Mathieu, Joseph, 8478472, CAN
STL, C, Jordan, Kyrou, 8479385, CAN
STL, L, Jake, Neighbours, 8482089, CAN
STL, C, Brayden, Schenn, 8475170, CAN
STL, R, Jimmy, Snuggerud, 8483516, USA
STL, C, Oskar, Sundqvist, 8476897, SWE
STL, C, Alexandre, Texier, 8480074, FRA
STL, C, Robert, Thomas, 8480023, CAN
STL, R, Alexey, Toropchenko, 8480281, RUS
STL, L, Nathan, Walker, 8477573, GBR
STL, D, Philip, Broberg, 8481598, SWE
STL, D, Justin, Faulk, 8475753, USA
STL, D, Cam, Fowler, 8475764, CAN
STL, D, Matthew, Kessel, 8482516, USA
STL, D, Nick, Leddy, 8475181, USA
STL, D, Colton, Parayko, 8476892, CAN
STL, D, Ryan, Suter, 8470600, USA
STL, D, Tyler, Tucker, 8481006, CAN
STL, G, Jordan, Binnington, 8476412, CAN
STL, G, Joel, Hofer, 8480981, CAN
NJD, R, Nathan, Bastian, 8479414, CAN
NJD, L, Jesper, Bratt, 8479407, SWE
NJD, C, Paul, Cotter, 8481032, USA
NJD, C, Justin, Dowling, 8475413, CAN
NJD, L, Nolan, Foote, 8481518, USA
NJD, C, Cody, Glass, 8479996, CAN
NJD, L, Erik, Haula, 8475287, FIN
NJD, C, Nico, Hischier, 8480002, CHE
NJD, C, Jack, Hughes, 8481559, USA
NJD, C, Curtis, Lazar, 8477508, CAN
NJD, L, Kurtis, MacDermid, 8477073, CAN
NJD, R, Timo, Meier, 8478414, CHE
NJD, C, Dawson, Mercer, 8482110, CAN
NJD, R, Stefan, Noesen, 8476474, USA
NJD, L, Ondrej, Palat, 8476292, CZE
NJD, R, Daniel, Sprong, 8478466, NLD
NJD, L, Tomas, Tatar, 8475193, SVK
NJD, D, Dennis, Cholowski, 8479395, CAN
NJD, D, Brenden, Dillon, 8475455, CAN
NJD, D, Brian, Dumoulin, 8475208, USA
NJD, D, Dougie, Hamilton, 8476462, CAN
NJD, D, Luke, Hughes, 8482684, USA
NJD, D, Johnathan, Kovacevic, 8480192, CAN
NJD, D, Simon, Nemec, 8483495, SVK
NJD, D, Brett, Pesce, 8477488, USA
NJD, D, Jonas, Siegenthaler, 8478399, CHE
NJD, G, Jake, Allen, 8474596, CAN
NJD, G, Jacob, Markstrom, 8474593, SWE
OTT, R, Michael, Amadio, 8478020, CAN
OTT, R, Drake, Batherson, 8480208, USA
OTT, C, Nick, Cousins, 8476393, CAN
OTT, C, Dylan, Cozens, 8481528, CAN
OTT, L, Angus, Crookshank, 8481065, CAN
OTT, R, Adam, Gaudette, 8478874, USA
OTT, R, Claude, Giroux, 8473512, CAN
OTT, C, Ridly, Greig, 8482092, CAN
OTT, C, Matthew, Highmore, 8478146, CAN
OTT, L, David, Perron, 8474102, CAN
OTT, C, Shane, Pinto, 8481596, USA
OTT, C, Tim, Stützle, 8482116, DEU
OTT, L, Brady, Tkachuk, 8480801, USA
OTT, L, Fabian, Zetterlund, 8480188, SWE
OTT, D, Thomas, Chabot, 8478469, CAN
OTT, D, Dennis, Gilbert, 8478502, USA
OTT, D, Travis, Hamonic, 8474612, CAN
OTT, D, Nick, Jensen, 8475324, USA
OTT, D, Tyler, Kleven, 8482095, USA
OTT, D, Nikolas, Matinpalo, 8484321, FIN
OTT, D, Jake, Sanderson, 8482105, USA
OTT, D, Artem, Zub, 8482245, RUS
OTT, G, Anton, Forsberg, 8476341, SWE
OTT, G, Linus, Ullmark, 8476999, SWE
VAN, C, Nils, Aman, 8482496, SWE
VAN, C, Teddy, Blueger, 8476927, LVA
VAN, R, Brock, Boeser, 8478444, USA
VAN, C, Filip, Chytil, 8480078, CZE
VAN, L, Jake, DeBrusk, 8478498, CAN
VAN, R, Conor, Garland, 8478856, USA
VAN, L, Nils, Hoglander, 8481535, SWE
VAN, C, Dakota, Joshua, 8478057, USA
VAN, C, Linus, Karlsson, 8481024, SWE
VAN, R, Jonathan, Lekkerimäki, 8483476, SWE
VAN, L, Drew, O'Connor, 8482055, USA
VAN, C, Elias, Pettersson, 8480012, SWE
VAN, C, Aatu, Raty, 8482691, FIN
VAN, C, Max, Sasson, 8484136, USA
VAN, L, Kiefer, Sherwood, 8480748, USA
VAN, C, Pius, Suter, 8480459, CHE
VAN, D, Derek, Forbort, 8475762, USA
VAN, D, Filip, Hronek, 8479425, CZE
VAN, D, Quinn, Hughes, 8480800, USA
VAN, D, Noah, Juulsen, 8478454, CAN
VAN, D, Victor, Mancini, 8483768, USA
VAN, D, Tyler, Myers, 8474574, USA
VAN, D, Elias, Pettersson, 8483678, SWE
VAN, D, Marcus, Pettersson, 8477969, SWE
VAN, G, Thatcher, Demko, 8477967, USA
VAN, G, Kevin, Lankinen, 8480947, FIN
CGY, C, Mikael, Backlund, 8474150, SWE
CGY, L, Blake, Coleman, 8476399, USA
CGY, R, Matt, Coronato, 8482679, USA
CGY, L, Joel, Farabee, 8480797, USA
CGY, C, Morgan, Frost, 8480028, CAN
CGY, L, Jonathan, Huberdeau, 8476456, CAN
CGY, L, Dryden, Hunt, 8478211, CAN
CGY, C, Nazem, Kadri, 8475172, CAN
CGY, C, Justin, Kirkland, 8477993, CAN
CGY, R, Adam, Klapka, 8483609, CZE
CGY, L, Ryan, Lomberg, 8479066, CAN
CGY, R, Anthony, Mantha, 8477511, CAN
CGY, C, Martin, Pospisil, 8481028, SVK
CGY, C, Kevin, Rooney, 8479291, USA
CGY, C, Yegor, Sharangovich, 8481068, BLR
CGY, C, Connor, Zary, 8482074, CAN
CGY, D, Rasmus, Andersson, 8478397, SWE
CGY, D, Kevin, Bahl, 8480860, CAN
CGY, D, Jake, Bean, 8479402, CAN
CGY, D, Joel, Hanley, 8477810, CAN
CGY, D, Daniil, Miromanov, 8482624, RUS
CGY, D, Brayden, Pachal, 8481167, CAN
CGY, D, Ilya, Solovyov, 8482470, BLR
CGY, D, MacKenzie, Weegar, 8477346, CAN
CGY, G, Dan, Vladar, 8478435, CZE
CGY, G, Dustin, Wolf, 8481692, USA
NYR, R, Nicolas, Aube-Kubel, 8477979, CAN
NYR, L, Brett, Berard, 8482132, USA
NYR, C, Jonny, Brodzinski, 8477380, USA
NYR, C, Sam, Carrick, 8475842, CAN
NYR, L, Will, Cuylle, 8482157, CAN
NYR, C, Adam, Edstrom, 8481726, SWE
NYR, R, Arthur, Kaliyev, 8481560, UZB
NYR, L, Chris, Kreider, 8475184, USA
NYR, L, Alexis, Lafrenière, 8482109, CAN
NYR, L, J.T., Miller, 8476468, USA
NYR, L, Brennan, Othmann, 8482747, CAN
NYR, L, Artemi, Panarin, 8478550, RUS
NYR, C, Juuso, Parssinen, 8481704, FIN
NYR, C, Matt, Rempe, 8482460, CAN
NYR, C, Vincent, Trocheck, 8476389, USA
NYR, C, Mika, Zibanejad, 8476459, SWE
NYR, D, Will, Borgen, 8478840, USA
NYR, D, Calvin, de Haan, 8475177, CAN
NYR, D, Adam, Fox, 8479323, USA
NYR, D, Zac, Jones, 8481708, USA
NYR, D, K'Andre, Miller, 8480817, USA
NYR, D, Braden, Schneider, 8482073, CAN
NYR, D, Carson, Soucy, 8477369, CAN
NYR, D, Urho, Vaakanainen, 8480001, FIN
NYR, G, Jonathan, Quick, 8471734, USA
NYR, G, Igor, Shesterkin, 8478048, RUS
UTA, C, Nick, Bjugstad, 8475760, USA
UTA, L, Michael, Carcone, 8479619, CAN
UTA, C, Logan, Cooley, 8483431, USA
UTA, L, Lawson, Crouse, 8478474, CAN
UTA, R, Josh, Doan, 8482659, USA
UTA, R, Dylan, Guenther, 8482699, CAN
UTA, C, Barrett, Hayton, 8480849, CAN
UTA, C, Clayton, Keller, 8479343, USA
UTA, C, Alexander, Kerfoot, 8477021, CAN
UTA, L, Matias, Maccelli, 8481711, FIN
UTA, C, Jack, McBain, 8480855, CAN
UTA, C, Liam, O'Brien, 8477070, CAN
UTA, C, Nick, Schmaltz, 8477951, USA
UTA, C, Kevin, Stenlund, 8478831, SWE
UTA, R, Kailer, Yamamoto, 8479977, USA
UTA, D, Robert, Bortuzzo, 8474145, CAN
UTA, D, Ian, Cole, 8474013, USA
UTA, D, Nick, DeSimone, 8480084, USA
UTA, D, Michael, Kesselring, 8480891, USA
UTA, D, John, Marino, 8478507, USA
UTA, D, Olli, Määttä, 8476874, FIN
UTA, D, Mikhail, Sergachev, 8479410, RUS
UTA, G, Karel, Vejmelka, 8478872, CZE
UTA, G, Matt, Villalta, 8480191, CAN
MTL, R, Josh, Anderson, 8476981, CAN
MTL, R, Joel, Armia, 8476469, FIN
MTL, R, Cole, Caufield, 8481540, USA
MTL, C, Kirby, Dach, 8481523, CAN
MTL, C, Christian, Dvorak, 8477989, USA
MTL, C, Jake, Evans, 8478133, CAN
MTL, R, Brendan, Gallagher, 8475848, CAN
MTL, L, Emil, Heineman, 8482476, SWE
MTL, R, Patrik, Laine, 8479339, FIN
MTL, C, Alex, Newhook, 8481618, CAN
MTL, L, Michael, Pezzetta, 8479543, CAN
MTL, R, Joshua, Roy, 8482749, CAN
MTL, L, Juraj, Slafkovský, 8483515, SVK
MTL, C, Nick, Suzuki, 8480018, CAN
MTL, D, Alexandre, Carrier, 8478851, CAN
MTL, D, Kaiden, Guhle, 8482087, CAN
MTL, D, Lane, Hutson, 8483457, USA
MTL, D, Mike, Matheson, 8476875, CAN
MTL, D, David, Savard, 8475233, CAN
MTL, D, Jayden, Struble, 8481593, USA
MTL, D, Arber, Xhekaj, 8482964, CAN
MTL, G, Jakub, Dobes, 8482487, CZE
MTL, G, Sam, Montembeault, 8478470, CAN
CBJ, C, Zachary, Aston-Reese, 8479944, USA
CBJ, R, Yegor, Chinakhov, 8482475, RUS
CBJ, R, Justin, Danforth, 8479941, CAN
CBJ, C, Adam, Fantilli, 8484166, CAN
CBJ, R, Christian, Fischer, 8478432, USA
CBJ, C, Boone, Jenner, 8476432, CAN
CBJ, C, Kent, Johnson, 8482660, CAN
CBJ, C, Luke, Kunin, 8479316, USA
CBJ, C, Sean, Kuraly, 8476374, USA
CBJ, R, Kevin, Labanc, 8478099, USA
CBJ, R, Kirill, Marchenko, 8480893, RUS
CBJ, C, Sean, Monahan, 8477497, CAN
CBJ, R, Mathieu, Olivier, 8479671, USA
CBJ, C, Cole, Sillinger, 8482705, USA
CBJ, L, James, van Riemsdyk, 8474037, USA
CBJ, L, Dmitri, Voronkov, 8481716, RUS
CBJ, R, Jack, Williams, 8485469, USA
CBJ, D, Jake, Christiansen, 8481161, CAN
CBJ, D, Dante, Fabbro, 8479371, CAN
CBJ, D, Erik, Gudbranson, 8475790, CAN
CBJ, D, Jordan, Harris, 8480887, USA
CBJ, D, Jack, Johnson, 8471677, USA
CBJ, D, Denton, Mateychuk, 8483485, CAN
CBJ, D, Ivan, Provorov, 8478500, RUS
CBJ, D, Damon, Severson, 8476923, CAN
CBJ, D, Zach, Werenski, 8478460, USA
CBJ, G, Elvis, Merzlikins, 8478007, LVA
CBJ, G, Daniil, Tarasov, 8480193, RUS
NYI, C, Mathew, Barzal, 8478445, CAN
NYI, C, Casey, Cizikas, 8475231, CAN
NYI, L, Anthony, Duclair, 8477407, CAN
NYI, L, Pierre, Engvall, 8478115, SWE
NYI, R, Hudson, Fasching, 8477392, USA
NYI, C, Marc, Gatcomb, 8483553, USA
NYI, R, Simon, Holmstrom, 8481601, SWE
NYI, C, Bo, Horvat, 8477500, CAN
NYI, L, Anders, Lee, 8475314, USA
NYI, C, Kyle, MacLean, 8481237, USA
NYI, L, Matt, Martin, 8474709, CAN
NYI, C, Jean-Gabriel, Pageau, 8476419, CAN
NYI, C, Kyle, Palmieri, 8475151, USA
NYI, R, Maxim, Tsyplakov, 8484958, RUS
NYI, D, Adam, Boqvist, 8480871, SWE
NYI, D, Tony, DeAngelo, 8477950, USA
NYI, D, Noah, Dobson, 8480865, CAN
NYI, D, Scott, Mayfield, 8476429, USA
NYI, D, Adam, Pelech, 8476917, CAN
NYI, D, Scott, Perunovich, 8481059, USA
NYI, D, Ryan, Pulock, 8477506, CAN
NYI, D, Mike, Reilly, 8476422, USA
NYI, D, Alexander, Romanov, 8481014, RUS
NYI, G, Marcus, Hogberg, 8477405, SWE
NYI, G, Ilya, Sorokin, 8478009, RUS
NYI, G, Semyon, Varlamov, 8473575, RUS
DET, R, Jonatan, Berggren, 8481013, SWE
DET, L, J.T., Compher, 8477456, USA
DET, C, Andrew, Copp, 8477429, USA
DET, R, Alex, DeBrincat, 8479337, USA
DET, R, Patrick, Kane, 8474141, USA
DET, C, Marco, Kasper, 8483464, AUT
DET, C, Dylan, Larkin, 8477946, USA
DET, L, Carter, Mazur, 8482802, USA
DET, C, Tyler, Motte, 8477353, USA
DET, C, Michael, Rasmussen, 8479992, CAN
DET, L, Lucas, Raymond, 8482078, SWE
DET, R, Dominik, Shine, 8479942, USA
DET, C, Craig, Smith, 8475225, USA
DET, L, Elmer, Soderblom, 8481725, SWE
DET, R, Vladimir, Tarasenko, 8475765, RUS
DET, L, Austin, Watson, 8475766, USA
DET, D, Ben, Chiarot, 8475279, CAN
DET, D, Simon, Edvinsson, 8482762, SWE
DET, D, Erik, Gustafsson, 8476979, SWE
DET, D, Justin, Holl, 8475718, USA
DET, D, Albert, Johansson, 8481607, SWE
DET, D, William, Lagesson, 8478021, SWE
DET, D, Jeff, Petry, 8473507, USA
DET, D, Moritz, Seider, 8481542, DEU
DET, G, Alex, Lyon, 8479312, USA
DET, G, Petr, Mrazek, 8475852, CZE
DET, G, Cam, Talbot, 8475660, CAN
ANA, C, Leo, Carlsson, 8484153, SWE
ANA, R, Sam, Colangelo, 8482118, USA
ANA, C, Robby, Fabbri, 8477952, CAN
ANA, L, Cutter, Gauthier, 8483445, SWE
ANA, C, Jansen, Harkins, 8478424, USA
ANA, L, Ross, Johnston, 8477527, CAN
ANA, L, Alex, Killorn, 8473986, CAN
ANA, R, Brett, Leason, 8481517, CAN
ANA, C, Isac, Lundestrom, 8480806, SWE
ANA, L, Brock, McGinn, 8476934, CAN
ANA, C, Mason, McTavish, 8482745, CHE
ANA, C, Nikita, Nesterenko, 8481754, USA
ANA, C, Ryan, Strome, 8476458, CAN
ANA, R, Troy, Terry, 8478873, USA
ANA, R, Frank, Vatrano, 8478366, USA
ANA, C, Trevor, Zegras, 8481533, USA
ANA, D, Radko, Gudas, 8475462, CZE
ANA, D, Drew, Helleson, 8481563, USA
ANA, D, Oliver, Kylington, 8478430, SWE
ANA, D, Jackson, LaCombe, 8481605, USA
ANA, D, Pavel, Mintyukov, 8483490, RUS
ANA, D, Jacob, Trouba, 8476885, USA
ANA, D, Olen, Zellweger, 8482803, CAN
ANA, G, Lukas, Dostal, 8480843, CZE
ANA, G, John, Gibson, 8476434, USA
BOS, C, John, Beecher, 8481556, USA
BOS, C, Patrick, Brown, 8477887, USA
BOS, C, Morgan, Geekie, 8479987, CAN
BOS, C, Mark, Kastelic, 8480355, USA
BOS, C, Marat, Khusnutdinov, 8482177, RUS
BOS, L, Cole, Koepke, 8481043, USA
BOS, C, Jakub, Lauko, 8480880, CZE
BOS, C, Vinni, Lettieri, 8479968, USA
BOS, C, Elias, Lindholm, 8477496, SWE
BOS, C, Casey, Mittelstadt, 8479999, USA
BOS, R, David, Pastrnak, 8477956, CZE
BOS, C, Pavel, Zacha, 8478401, CZE
BOS, D, Henri, Jokiharju, 8480035, FIN
BOS, D, Hampus, Lindholm, 8476854, SWE
BOS, D, Mason, Lohrei, 8482511, USA
BOS, D, Charlie, McAvoy, 8479325, USA
BOS, D, Ian, Mitchell, 8480070, CAN
BOS, D, Andrew, Peeke, 8479369, USA
BOS, D, Parker, Wotherspoon, 8478450, CAN
BOS, D, Nikita, Zadorov, 8477507, RUS
BOS, G, Joonas, Korpisalo, 8476914, FIN
BOS, G, Jeremy, Swayman, 8480280, USA
PIT, C, Noel, Acciari, 8478569, USA
PIT, C, Emil, Bemstrom, 8480205, SWE
PIT, C, Sidney, Crosby, 8471675, CAN
PIT, C, Connor, Dewar, 8480980, CAN
PIT, R, Kevin, Hayes, 8475763, USA
PIT, L, Danton, Heinen, 8478046, CAN
PIT, L, Bokondji, Imama, 8478147, CAN
PIT, R, Ville, Koivunen, 8482758, FIN
PIT, C, Blake, Lizotte, 8481481, USA
PIT, C, Evgeni, Malkin, 8471215, RUS
PIT, R, Rutger, McGroarty, 8483487, USA
PIT, C, Tommy, Novak, 8478438, USA
PIT, R, Rickard, Rakell, 8476483, SWE
PIT, R, Bryan, Rust, 8475810, USA
PIT, C, Philip, Tomasino, 8481577, CAN
PIT, D, Ryan, Graves, 8477435, CAN
PIT, D, Matt, Grzelcyk, 8476891, USA
PIT, D, P.O, Joseph, 8480058, CAN
PIT, D, Erik, Karlsson, 8474578, SWE
PIT, D, Vladislav, Kolyachonok, 8481609, BLR
PIT, D, Kris, Letang, 8471724, CAN
PIT, D, Ryan, Shea, 8478854, USA
PIT, D, Conor, Timmins, 8479982, CAN
PIT, G, Tristan, Jarry, 8477465, CAN
PIT, G, Alex, Nedeljkovic, 8477968, USA
PHI, C, Rodrigo, Abols, 8479022, LVA
PHI, R, Bobby, Brink, 8481553, USA
PHI, L, Noah, Cates, 8480220, USA
PHI, C, Sean, Couturier, 8476461, USA
PHI, L, Nicolas, Deslauriers, 8475235, CAN
PHI, R, Tyson, Foerster, 8482159, CAN
PHI, R, Garnet, Hathaway, 8477903, USA
PHI, R, Travis, Konecny, 8478439, CAN
PHI, R, Olle, Lycksell, 8480245, SWE
PHI, R, Matvei, Michkov, 8484387, RUS
PHI, L, Jakob, Pelletier, 8481592, CAN
PHI, C, Ryan, Poehling, 8480068, USA
PHI, R, Owen, Tippett, 8480015, CAN
PHI, D, Emil, Andrae, 8482126, SWE
PHI, D, Jamie, Drysdale, 8482142, CAN
PHI, D, Ryan, Ellis, 8475176, CAN
PHI, D, Rasmus, Ristolainen, 8477499, FIN
PHI, D, Travis, Sanheim, 8477948, CAN
PHI, D, Nick, Seeler, 8476372, USA
PHI, D, Cam, York, 8481546, USA
PHI, D, Egor, Zamula, 8481178, RUS
PHI, G, Samuel, Ersson, 8481035, SWE
PHI, G, Ivan, Fedotov, 8478905, FIN
PHI, G, Aleksei, Kolosov, 8482783, BLR
SEA, C, Matty, Beniers, 8482665, USA
SEA, L, Andre, Burakovsky, 8477444, AUT
SEA, R, Jordan, Eberle, 8474586, CAN
SEA, C, Michael, Eyssimont, 8479591, USA
SEA, C, John, Hayden, 8477401, USA
SEA, R, Kaapo, Kakko, 8481554, FIN
SEA, L, Tye, Kartye, 8481789, CAN
SEA, L, Jared, McCann, 8477955, CAN
SEA, R, Jani, Nyman, 8483497, FIN
SEA, C, Jaden, Schwartz, 8475768, CAN
SEA, C, Chandler, Stephenson, 8476905, CAN
SEA, R, Eeli, Tolvanen, 8480009, FIN
SEA, C, Shane, Wright, 8483524, CAN
SEA, D, Vince, Dunn, 8478407, CAN
SEA, D, Ryker, Evans, 8482858, CAN
SEA, D, Cale, Fleury, 8479985, CAN
SEA, D, Adam, Larsson, 8476457, SWE
SEA, D, Joshua, Mahura, 8479372, CAN
SEA, D, Brandon, Montour, 8477986, CAN
SEA, D, Jamie, Oleksiak, 8476467, CAN
SEA, G, Joey, Daccord, 8478916, USA
SEA, G, Philipp, Grubauer, 8475831, DEU
BUF, L, Zach, Benson, 8484145, CAN
BUF, L, Jordan, Greenway, 8478413, USA
BUF, C, Tyson, Kozak, 8482896, CAN
BUF, C, Peyton, Krebs, 8481522, CAN
BUF, C, Jiri, Kulich, 8483468, CZE
BUF, C, Sam, Lafferty, 8478043, USA
BUF, L, Beck, Malenstyn, 8479359, CAN
BUF, C, Ryan, McLeod, 8480802, CAN
BUF, C, Josh, Norris, 8480064, USA
BUF, R, JJ, Peterka, 8482175, DEU
BUF, R, Jack, Quinn, 8482097, CAN
BUF, R, Isak, Rosen, 8482765, SWE
BUF, C, Tage, Thompson, 8479420, USA
BUF, R, Alex, Tuch, 8477949, USA
BUF, L, Jason, Zucker, 8475722, USA
BUF, D, Jacob, Bernard-Docker, 8480879, CAN
BUF, D, Jacob, Bryson, 8480196, CAN
BUF, D, Bowen, Byram, 8481524, CAN
BUF, D, Connor, Clifton, 8477365, USA
BUF, D, Rasmus, Dahlin, 8480839, SWE
BUF, D, Owen, Power, 8482671, CAN
BUF, D, Jack, Rathbone, 8480056, USA
BUF, D, Mattias, Samuelsson, 8480807, USA
BUF, G, Ukko-Pekka, Luukkonen, 8480045, FIN
BUF, G, James, Reimer, 8473503, CAN
NSH, L, Kieffer, Bellows, 8479356, USA
NSH, L, Michael, Bunting, 8478047, CAN
NSH, R, Luke, Evangelista, 8482146, CAN
NSH, L, Filip, Forsberg, 8476887, SWE
NSH, L, Zachary, L'Heureux, 8482742, CAN
NSH, C, Jonathan, Marchessault, 8476539, CAN
NSH, R, Michael, McCarron, 8477446, USA
NSH, C, Ryan, O'Reilly, 8475158, CAN
NSH, C, Colton, Sissons, 8476925, CAN
NSH, L, Cole, Smith, 8482062, USA
NSH, C, Steven, Stamkos, 8474564, CAN
NSH, C, Fedor, Svechkov, 8482768, RUS
NSH, L, Jakub, Vrana, 8477944, CZE
NSH, R, Matthew, Wood, 8484241, CAN
NSH, D, Justin, Barron, 8482111, CAN
NSH, D, Nick, Blankenburg, 8483565, USA
NSH, D, Marc, Del Gaizo, 8481743, USA
NSH, D, Andreas, Englund, 8477971, SWE
NSH, D, Roman, Josi, 8474600, CHE
NSH, D, Jeremy, Lauzon, 8478468, CAN
NSH, D, Jordan, Oesterle, 8477851, USA
NSH, D, Brady, Skjei, 8476869, USA
NSH, D, Spencer, Stastney, 8481056, USA
NSH, D, Adam, Wilsby, 8482482, SWE
NSH, G, Justus, Annunen, 8481020, FIN
NSH, G, Juuse, Saros, 8477424, FIN
CHI, C, Connor, Bedard, 8484144, CAN
CHI, L, Tyler, Bertuzzi, 8477479, CAN
CHI, C, Colton, Dach, 8482703, CAN
CHI, C, Jason, Dickinson, 8477450, CAN
CHI, C, Ryan, Donato, 8477987, USA
CHI, L, Nick, Foligno, 8473422, USA
CHI, C, Philipp, Kurashev, 8480798, CHE
CHI, L, Patrick, Maroon, 8474034, USA
CHI, R, Ilya, Mikheyev, 8481624, RUS
CHI, C, Oliver, Moore, 8484197, USA
CHI, C, Frank, Nazar, 8483493, USA
CHI, L, Lukas, Reichel, 8482117, DEU
CHI, L, Landon, Slaggert, 8482172, USA
CHI, C, Teuvo, Teravainen, 8476882, FIN
CHI, C, Joe, Veleno, 8480813, CAN
CHI, D, TJ, Brodie, 8474673, CAN
CHI, D, Louis, Crevier, 8481806, CAN
CHI, D, Ethan, Del Mastro, 8482807, CAN
CHI, D, Wyatt, Kaiser, 8482176, USA
CHI, D, Kevin, Korchinski, 8483466, CAN
CHI, D, Artyom, Levshunov, 8484783, BLR
CHI, D, Alec, Martinez, 8474166, USA
CHI, D, Connor, Murphy, 8476473, USA
CHI, D, Sam, Rinzel, 8483506, USA
CHI, D, Alex, Vlasic, 8481568, USA
CHI, G, Spencer, Knight, 8481519, USA
CHI, G, Arvid, Soderblom, 8482821, SWE
SJS, C, Macklin, Celebrini, 8484801, CAN
SJS, C, Logan, Couture, 8474053, CAN
SJS, C, Ty, Dellandrea, 8480848, CAN
SJS, L, William, Eklund, 8482667, SWE
SJS, R, Patrick, Giles, 8480825, USA
SJS, R, Barclay, Goodrow, 8476624, CAN
SJS, R, Collin, Graf, 8484911, USA
SJS, C, Noah, Gregor, 8479393, CAN
SJS, R, Carl, Grundstrom, 8479336, SWE
SJS, C, Klim, Kostin, 8480011, RUS
SJS, R, Nikolai, Kovalenko, 8481042, USA
SJS, C, Cam, Lund, 8483481, USA
SJS, C, Zack, Ostapchuk, 8482859, CAN
SJS, C, Will, Smith, 8484227, USA
SJS, C, Tyler, Toffoli, 8475726, CAN
SJS, C, Alexander, Wennberg, 8477505, SWE
SJS, D, Luca, Cagnoni, 8484152, CAN
SJS, D, Lucas, Carlsson, 8479523, SWE
SJS, D, Vincent, Desharnais, 8479576, CAN
SJS, D, Mario, Ferraro, 8479983, CAN
SJS, D, Timothy, Liljegren, 8480043, SWE
SJS, D, Shakir, Mukhamadullin, 8482166, RUS
SJS, D, Jan, Rutta, 8480172, CZE
SJS, D, Jimmy, Schuldt, 8481486, USA
SJS, D, Henry, Thrun, 8481567, USA
SJS, D, Marc-Edouard, Vlasic, 8471709, CAN
SJS, G, Alexandar, Georgiev, 8480382, BGR
SJS, G, Georgi, Romanov, 8484312, RUS
